epoch,time,train/box_loss,train/cls_loss,train/dfl_loss,metrics/precision(B),metrics/recall(B),metrics/mAP50(B),metrics/mAP50-95(B),val/box_loss,val/cls_loss,val/dfl_loss,lr/pg0,lr/pg1,lr/pg2
1,20.1063,0.90366,1.90401,0.9718,0.93985,0.92982,0.96865,0.75823,0.74548,1.63211,0.81376,0.00046,0.00046,0.00046
2,39.2015,0.74754,1.23556,0.91512,0.98266,0.99409,0.99483,0.75674,0.79006,1.46001,0.84152,0.00092449,0.00092449,0.00092449
3,58.0421,0.77313,1.15146,0.95912,0.96544,0.98023,0.98835,0.80871,0.7387,1.46901,0.83359,0.00137314,0.00137314,0.00137314
4,76.9739,0.8182,1.12114,0.97123,0.95059,1,0.99308,0.78978,0.77807,1.55572,0.87544,0.00180595,0.00180595,0.00180595
5,95.8004,0.73137,1.07413,0.95709,0.99183,1,0.995,0.75,0.89229,1.3072,0.89377,0.001868,0.001868,0.001868
6,114.65,0.71919,1.00818,0.95526,0.99294,0.98246,0.99466,0.81347,0.64668,1.13464,0.87997,0.001835,0.001835,0.001835
7,133.762,0.73052,0.92069,0.96151,1,0.99997,0.995,0.8219,0.65501,0.91515,0.85863,0.001802,0.001802,0.001802
8,152.498,0.70416,0.9024,0.96036,1,0.99951,0.995,0.8593,0.54507,0.79542,0.82742,0.001769,0.001769,0.001769
9,171.504,0.67509,0.82212,0.92181,0.99986,1,0.995,0.83473,0.65111,0.81341,0.88626,0.001736,0.001736,0.001736
10,190.544,0.66259,0.8,0.921,0.99903,1,0.995,0.84222,0.63124,0.81083,0.85828,0.001703,0.001703,0.001703
11,209.355,0.72052,0.82183,0.95388,0.99897,1,0.995,0.86139,0.54088,0.77913,0.84069,0.00167,0.00167,0.00167
12,228.323,0.60509,0.80819,0.92301,0.99876,1,0.995,0.85399,0.55495,0.72709,0.83039,0.001637,0.001637,0.001637
13,247.028,0.62663,0.76026,0.90534,0.99895,1,0.995,0.85847,0.51061,0.7221,0.82021,0.001604,0.001604,0.001604
14,267.292,0.60867,0.72199,0.89714,0.999,1,0.995,0.86062,0.57163,0.71842,0.81945,0.001571,0.001571,0.001571
15,288.014,0.64228,0.70865,0.91171,0.99905,1,0.995,0.89227,0.47335,0.62875,0.81821,0.001538,0.001538,0.001538
16,308.38,0.58756,0.68938,0.90828,0.99898,1,0.995,0.89634,0.47029,0.64192,0.83355,0.001505,0.001505,0.001505
17,328.676,0.59946,0.68511,0.91994,0.99906,1,0.995,0.88901,0.47907,0.63431,0.84138,0.001472,0.001472,0.001472
18,349.498,0.55917,0.62435,0.91027,0.99901,1,0.995,0.91393,0.4247,0.61355,0.81683,0.001439,0.001439,0.001439
19,369.14,0.51913,0.59134,0.88098,0.99897,1,0.995,0.89725,0.40821,0.57941,0.81532,0.001406,0.001406,0.001406
20,388.085,0.52185,0.61214,0.89341,0.99891,1,0.995,0.8911,0.45771,0.60108,0.8363,0.001373,0.001373,0.001373
21,407.278,0.54305,0.58385,0.89247,0.99897,1,0.995,0.8897,0.45282,0.52945,0.84808,0.00134,0.00134,0.00134
22,426.004,0.52713,0.57633,0.89183,0.99898,1,0.995,0.89908,0.44181,0.52444,0.84524,0.001307,0.001307,0.001307
23,444.962,0.52544,0.57634,0.89311,0.99905,1,0.995,0.8963,0.45076,0.53627,0.84987,0.001274,0.001274,0.001274
24,464.059,0.57066,0.60519,0.92988,0.99901,1,0.995,0.90498,0.44621,0.53989,0.84543,0.001241,0.001241,0.001241
25,482.791,0.53166,0.5549,0.91111,0.99888,1,0.995,0.91698,0.38954,0.5385,0.83582,0.001208,0.001208,0.001208
26,504.841,0.50931,0.55189,0.88866,0.99892,1,0.995,0.92719,0.38736,0.52123,0.82798,0.001175,0.001175,0.001175
27,532.347,0.52915,0.53157,0.88962,0.99899,1,0.995,0.90217,0.44119,0.51192,0.85149,0.001142,0.001142,0.001142
28,552.898,0.51561,0.50573,0.89696,0.99907,1,0.995,0.89203,0.47627,0.52123,0.84135,0.001109,0.001109,0.001109
29,571.865,0.54351,0.523,0.90324,0.99921,1,0.995,0.89362,0.45172,0.52974,0.85498,0.001076,0.001076,0.001076
30,590.922,0.50248,0.48784,0.87752,0.99928,1,0.995,0.89614,0.41791,0.52271,0.83061,0.001043,0.001043,0.001043
31,609.804,0.4683,0.51014,0.8853,0.99896,1,0.995,0.92005,0.38723,0.47557,0.82008,0.00101,0.00101,0.00101
32,628.667,0.46977,0.46574,0.8777,0.99898,1,0.995,0.93431,0.36124,0.47085,0.81349,0.000977,0.000977,0.000977
33,647.576,0.46481,0.44616,0.87462,0.99898,1,0.995,0.92958,0.34974,0.46528,0.80516,0.000944,0.000944,0.000944
34,666.279,0.46462,0.48096,0.88406,0.99899,1,0.995,0.92735,0.3802,0.45778,0.81121,0.000911,0.000911,0.000911
35,685.194,0.48248,0.45574,0.87229,0.99904,1,0.995,0.92358,0.38213,0.44166,0.81316,0.000878,0.000878,0.000878
36,704.115,0.43125,0.4415,0.87856,0.99901,1,0.995,0.92045,0.37579,0.42847,0.81957,0.000845,0.000845,0.000845
37,722.954,0.44306,0.43324,0.87095,0.99904,1,0.995,0.90786,0.40515,0.4463,0.81502,0.000812,0.000812,0.000812
38,741.829,0.43865,0.42431,0.86428,0.99904,1,0.995,0.90527,0.43995,0.45305,0.84826,0.000779,0.000779,0.000779
39,760.712,0.45432,0.42406,0.86172,0.99904,1,0.995,0.91592,0.41513,0.44614,0.83187,0.000746,0.000746,0.000746
40,779.454,0.43038,0.43448,0.87571,0.99901,1,0.995,0.93076,0.36456,0.42292,0.80471,0.000713,0.000713,0.000713
41,798.485,0.41442,0.39135,0.85223,0.99899,1,0.995,0.92406,0.36916,0.43342,0.825,0.00068,0.00068,0.00068
42,818.338,0.43139,0.43201,0.86429,0.99893,1,0.995,0.91879,0.36234,0.4328,0.81147,0.000647,0.000647,0.000647
43,838.827,0.42591,0.43455,0.8764,0.99905,1,0.995,0.92485,0.36233,0.4013,0.8064,0.000614,0.000614,0.000614
44,859.461,0.41883,0.38649,0.85451,0.99906,1,0.995,0.92959,0.35758,0.39598,0.80967,0.000581,0.000581,0.000581
45,879.954,0.37982,0.38178,0.8646,0.99905,1,0.995,0.92214,0.35645,0.39484,0.81125,0.000548,0.000548,0.000548
46,900.218,0.41783,0.39975,0.86275,0.99903,1,0.995,0.91796,0.35938,0.39615,0.80707,0.000515,0.000515,0.000515
47,922.429,0.40357,0.3843,0.86305,0.99903,1,0.995,0.94317,0.33872,0.3832,0.80879,0.000482,0.000482,0.000482
48,941.815,0.38521,0.37029,0.85567,0.99904,1,0.995,0.93369,0.32786,0.37255,0.81008,0.000449,0.000449,0.000449
49,960.987,0.38668,0.38149,0.85152,0.99905,1,0.995,0.94882,0.32865,0.38452,0.80467,0.000416,0.000416,0.000416
50,980.337,0.38109,0.36665,0.83143,0.99904,1,0.995,0.94434,0.32751,0.38305,0.80797,0.000383,0.000383,0.000383
51,999.443,0.3695,0.44536,0.86497,0.99902,1,0.995,0.93541,0.32101,0.37172,0.80763,0.00035,0.00035,0.00035
52,1018.88,0.3494,0.43522,0.84929,0.999,1,0.995,0.93688,0.33188,0.37009,0.81023,0.000317,0.000317,0.000317
53,1038.03,0.34464,0.41466,0.83256,0.99902,1,0.995,0.93686,0.33366,0.3632,0.80996,0.000284,0.000284,0.000284
54,1056.98,0.32806,0.39943,0.84291,0.99898,1,0.995,0.93345,0.35013,0.35838,0.81391,0.000251,0.000251,0.000251
55,1076.09,0.32734,0.3964,0.83869,0.99897,1,0.995,0.93359,0.34696,0.35355,0.81087,0.000218,0.000218,0.000218
56,1095.22,0.31555,0.40009,0.84156,0.99898,1,0.995,0.93326,0.33835,0.36022,0.80609,0.000185,0.000185,0.000185
57,1114.32,0.33518,0.39262,0.81423,0.999,1,0.995,0.93611,0.33577,0.35296,0.80435,0.000152,0.000152,0.000152
58,1133.56,0.31354,0.39087,0.82443,0.99902,1,0.995,0.92587,0.33482,0.34719,0.8044,0.000119,0.000119,0.000119
59,1152.32,0.31705,0.38541,0.8285,0.99901,1,0.995,0.93888,0.32891,0.33972,0.80543,8.6e-05,8.6e-05,8.6e-05
60,1170.88,0.30691,0.37044,0.82309,0.99902,1,0.995,0.93643,0.32364,0.33944,0.80545,5.3e-05,5.3e-05,5.3e-05
